{
  "$tipo": "objeto",
  "Partes": {
    "rectanguloHorizontal": {
      "Poligonos": {
        "caraFrontal": {
          "Puntos": {
            "v1": {
              "X": -1,
              "Y": 0.5,
              "Z": -0.25
            },
            "v2": {
              "X": 1,
              "Y": 0.5,
              "Z": -0.25
            },
            "v3": {
              "X": 1,
              "Y": 0.699999988079071,
              "Z": -0.25
            },
            "v4": {
              "X": -1,
              "Y": 0.699999988079071,
              "Z": -0.25
            }
          },
          "Color": {
            "R": 1,
            "G": 0,
            "B": 0,
            "A": 1
          }
        },
        "caraTrasera": {
          "Puntos": {
            "v5": {
              "X": -1,
              "Y": 0.5,
              "Z": 0.25
            },
            "v6": {
              "X": 1,
              "Y": 0.5,
              "Z": 0.25
            },
            "v7": {
              "X": 1,
              "Y": 0.699999988079071,
              "Z": 0.25
            },
            "v8": {
              "X": -1,
              "Y": 0.699999988079071,
              "Z": 0.25
            }
          },
          "Color": {
            "R": 1,
            "G": 0,
            "B": 0,
            "A": 1
          }
        },
        "caraSuperior": {
          "Puntos": {
            "v4": {
              "X": -1,
              "Y": 0.699999988079071,
              "Z": -0.25
            },
            "v3": {
              "X": 1,
              "Y": 0.699999988079071,
              "Z": -0.25
            },
            "v7": {
              "X": 1,
              "Y": 0.699999988079071,
              "Z": 0.25
            },
            "v8": {
              "X": -1,
              "Y": 0.699999988079071,
              "Z": 0.25
            }
          },
          "Color": {
            "R": 1,
            "G": 0,
            "B": 0,
            "A": 1
          }
        },
        "caraInferior": {
          "Puntos": {
            "v1": {
              "X": -1,
              "Y": 0.5,
              "Z": -0.25
            },
            "v2": {
              "X": 1,
              "Y": 0.5,
              "Z": -0.25
            },
            "v6": {
              "X": 1,
              "Y": 0.5,
              "Z": 0.25
            },
            "v5": {
              "X": -1,
              "Y": 0.5,
              "Z": 0.25
            }
          },
          "Color": {
            "R": 1,
            "G": 0,
            "B": 0,
            "A": 1
          }
        },
        "caraIzquierda": {
          "Puntos": {
            "v1": {
              "X": -1,
              "Y": 0.5,
              "Z": -0.25
            },
            "v5": {
              "X": -1,
              "Y": 0.5,
              "Z": 0.25
            },
            "v8": {
              "X": -1,
              "Y": 0.699999988079071,
              "Z": 0.25
            },
            "v4": {
              "X": -1,
              "Y": 0.699999988079071,
              "Z": -0.25
            }
          },
          "Color": {
            "R": 1,
            "G": 0,
            "B": 0,
            "A": 1
          }
        },
        "caraDerecha": {
          "Puntos": {
            "v2": {
              "X": 1,
              "Y": 0.5,
              "Z": -0.25
            },
            "v6": {
              "X": 1,
              "Y": 0.5,
              "Z": 0.25
            },
            "v7": {
              "X": 1,
              "Y": 0.699999988079071,
              "Z": 0.25
            },
            "v3": {
              "X": 1,
              "Y": 0.699999988079071,
              "Z": -0.25
            }
          },
          "Color": {
            "R": 1,
            "G": 0,
            "B": 0,
            "A": 1
          }
        }
      },
      "Color": {
        "R": 1,
        "G": 0,
        "B": 0,
        "A": 1
      }
    },
    "rectanguloVertical": {
      "Poligonos": {
        "caraFrontal": {
          "Puntos": {
            "v1": {
              "X": -0.25,
              "Y": -0.5,
              "Z": -0.25
            },
            "v2": {
              "X": 0.25,
              "Y": -0.5,
              "Z": -0.25
            },
            "v3": {
              "X": 0.25,
              "Y": 0.5,
              "Z": -0.25
            },
            "v4": {
              "X": -0.25,
              "Y": 0.5,
              "Z": -0.25
            }
          },
          "Color": {
            "R": 0,
            "G": 0,
            "B": 1,
            "A": 1
          }
        },
        "caraTrasera": {
          "Puntos": {
            "v5": {
              "X": -0.25,
              "Y": -0.5,
              "Z": 0.25
            },
            "v6": {
              "X": 0.25,
              "Y": -0.5,
              "Z": 0.25
            },
            "v7": {
              "X": 0.25,
              "Y": 0.5,
              "Z": 0.25
            },
            "v8": {
              "X": -0.25,
              "Y": 0.5,
              "Z": 0.25
            }
          },
          "Color": {
            "R": 0,
            "G": 0,
            "B": 1,
            "A": 1
          }
        },
        "caraSuperior": {
          "Puntos": {
            "v4": {
              "X": -0.25,
              "Y": 0.5,
              "Z": -0.25
            },
            "v3": {
              "X": 0.25,
              "Y": 0.5,
              "Z": -0.25
            },
            "v7": {
              "X": 0.25,
              "Y": 0.5,
              "Z": 0.25
            },
            "v8": {
              "X": -0.25,
              "Y": 0.5,
              "Z": 0.25
            }
          },
          "Color": {
            "R": 0,
            "G": 0,
            "B": 1,
            "A": 1
          }
        },
        "caraInferior": {
          "Puntos": {
            "v1": {
              "X": -0.25,
              "Y": -0.5,
              "Z": -0.25
            },
            "v2": {
              "X": 0.25,
              "Y": -0.5,
              "Z": -0.25
            },
            "v6": {
              "X": 0.25,
              "Y": -0.5,
              "Z": 0.25
            },
            "v5": {
              "X": -0.25,
              "Y": -0.5,
              "Z": 0.25
            }
          },
          "Color": {
            "R": 0,
            "G": 0,
            "B": 1,
            "A": 1
          }
        },
        "caraIzquierda": {
          "Puntos": {
            "v1": {
              "X": -0.25,
              "Y": -0.5,
              "Z": -0.25
            },
            "v5": {
              "X": -0.25,
              "Y": -0.5,
              "Z": 0.25
            },
            "v8": {
              "X": -0.25,
              "Y": 0.5,
              "Z": 0.25
            },
            "v4": {
              "X": -0.25,
              "Y": 0.5,
              "Z": -0.25
            }
          },
          "Color": {
            "R": 0,
            "G": 0,
            "B": 1,
            "A": 1
          }
        },
        "caraDerecha": {
          "Puntos": {
            "v2": {
              "X": 0.25,
              "Y": -0.5,
              "Z": -0.25
            },
            "v6": {
              "X": 0.25,
              "Y": -0.5,
              "Z": 0.25
            },
            "v7": {
              "X": 0.25,
              "Y": 0.5,
              "Z": 0.25
            },
            "v3": {
              "X": 0.25,
              "Y": 0.5,
              "Z": -0.25
            }
          },
          "Color": {
            "R": 0,
            "G": 0,
            "B": 1,
            "A": 1
          }
        }
      },
      "Color": {
        "R": 0,
        "G": 0,
        "B": 1,
        "A": 1
      }
    }
  },
  "Color": {
    "R": 1,
    "G": 1,
    "B": 1,
    "A": 1
  }
}